sample_id,feature_1,feature_2,feature_3,label,manifold_position,isomap_1,isomap_2
sample_000,0.2367274484637796,1.1552555477312942,-0.6110794149915714,early,5.431577664300374,-0.7387973694848143,-0.10111326290237825
sample_001,1.2638837799005254,-0.28697087301883073,-0.8484952100876774,late,12.062950424679196,-1.4002556260886643,-0.7316842615136684
sample_002,-1.3700362347391475,1.3154039651784095,0.729615011787291,middle,8.844298642666665,1.541215691791203,0.9874116631382921
sample_003,0.5897430045285826,1.1292625153315299,-1.4916198952443884,late,11.530887643789843,-0.8413918261850657,-0.8295123783768805
sample_004,0.13340206872089383,-1.3505631862431011,2.0109038461430786,late,13.92972297891387,0.28748995589320414,1.1580639880454744
sample_005,-1.655364362947239,0.5004296994486774,-0.49777410068802375,middle,9.787592991794268,1.5326378818725463,-0.6553284820731173
sample_006,-1.6642586743280172,-0.6389666346213932,-0.02944449097270327,middle,9.435338081977404,1.8865908449048765,-0.502128913968863
sample_007,0.19737415220452886,0.8536130208406354,-0.6241889499694737,early,5.391454914122225,-0.7400929963123568,-0.19914609322541008
sample_008,0.33130096075195503,0.13043894709571321,0.884237891570509,early,7.242366763860215,-0.1289571484676385,0.8727687642108456
sample_009,-1.6485655171127582,-0.13843512400558247,-0.012582500925188561,middle,9.423670557139708,1.8031010348164151,-0.3038092946432778
sample_010,-0.08922453200784157,1.2991858826610079,-1.631105363391953,late,11.1139808781188,-0.3202160466468741,-0.9816701845203808
sample_011,1.442583224967754,-1.479574240651438,-0.5080837687156863,late,12.287450934071233,-1.169810452805753,-0.5707096124210558
sample_012,-0.8296792746154955,0.17650877998325035,1.0725915105889208,middle,8.302674576433548,1.039334486366438,0.9650879802901694
sample_013,0.188620860763038,-0.5853592959719048,-0.6439941788171457,early,5.333824409517108,-0.6726964815091045,-0.703682249733366
sample_014,0.16924584671715584,-1.5528570588905903,0.9874743367293333,early,7.428097274235352,0.17413270658569702,0.44559102753497415
sample_015,1.1959632286716058,0.839714102299474,1.2931153854187207,late,13.285106013694977,-0.8384880879694682,1.6600047442658885
sample_016,0.6239540099214763,0.1961740230512027,0.4391663956420316,early,6.723498557955659,-0.4874487201969374,0.5548719853528302
sample_017,-1.4716262668353766,1.3163651721714515,0.5770425163496096,middle,8.973556931259726,1.6114170241317962,0.8125272073739936
sample_018,0.9131718607840428,0.3292895633007541,1.5734936122343435,late,13.488798951685558,-0.49780138412279284,1.411226648844731
sample_019,-0.12411810180338087,-0.5708524202486926,-0.7128172020763192,early,4.9470586714413916,-0.5682615021245069,-0.8928932367711752
sample_020,-1.2096733970211049,1.6183386052249829,-1.2485322816542124,middle,10.372429182064462,0.5891910455459392,-0.888278317724471
sample_021,0.6110211768875198,-1.283744574939502,1.8013917399241388,late,13.667148555760038,-0.09445711988963543,1.0656645158987597
sample_022,0.5532670487166015,-1.5125916600510245,0.5478552771097182,early,6.882942478883216,-0.22515654667177964,0.13989628652141867
sample_023,-1.5897371409928769,0.7726455176528483,-0.6653619645170672,middle,9.881784682904605,1.3668636378404408,-0.7350745981177894
sample_024,1.199502867847126,-0.45707655868625635,1.2511209893800626,late,13.280722051527238,-0.5715326979959447,1.0644046169295958
sample_025,0.5512515605699867,-0.4533432036713397,-0.274484763709062,early,5.967481437824344,-0.69112434428498,-0.22535947071444282
sample_026,-1.6658589616022497,1.2452688312115516,-0.3199801150756916,middle,9.645436335108224,1.5386493015752796,-0.24787153029867257
sample_027,0.958404607087998,-0.5867596476104138,-1.2404682726913965,late,11.784835281993601,-1.0271201859594323,-1.065446811882508
sample_028,-0.2568493224043975,1.3051194032762725,-1.6418770972992365,late,11.017690228530297,-0.18334421037141727,-1.0198315407200103
sample_029,-1.5667890950292223,0.4699498524689097,0.38762002172641186,middle,9.120855823996035,1.7200946397473627,0.3431064749099706
sample_030,0.6140398191212324,-0.5722784226058609,0.32585155256221265,early,6.643046171907005,-0.45587710495401723,0.2562077371842694
sample_031,-1.6402092150722067,-1.4932088743834726,0.10763531327147906,middle,9.3377485157876,1.8994616339946444,-0.5653589592081005
sample_032,-0.7173155716849038,-0.8674431794915695,1.1175970013941834,middle,8.222031993828944,0.9434701154153661,0.7600750778729656
sample_033,-1.6019166586785547,1.5373936281376004,0.29536131517655545,middle,9.211788863075789,1.6680679214833147,0.5526201457970161
sample_034,-0.6269888590814362,-0.32803285944231664,1.1432139348524128,middle,8.160824624347027,0.8331041808735125,0.935062559039783
sample_035,1.584898063008679,-1.1311703682963734,0.062385818669845036,late,12.609580026082693,-1.2585965262473562,-0.08743351552732266
sample_036,1.160020533165999,-0.6806907339501838,-1.0251964141315555,late,11.956721059430098,-1.2754568547468816,-1.084504912836557
sample_037,-0.06832069093715952,1.3364896685436323,1.118879114408849,early,7.671719093977483,0.06534299897843872,1.457609212279145
sample_038,-1.4520941522278148,-1.1408337387522587,-0.9459266914268453,middle,10.109255595265664,1.3155263962406931,-1.6915664524697671
sample_039,0.27627715684346216,0.9075643470864808,0.920723850627649,early,7.314089967183186,-0.23861794161827585,1.2085022752622157
sample_040,-1.4741898105432887,-1.2342537174043742,0.5698202078760557,middle,8.98033307073818,1.7389341661607034,0.0545858554195395
sample_041,-0.5192094448039246,1.5389508670476824,1.1761284383193502,middle,8.03913170436581,0.6152682397431641,1.4735863861972582
sample_042,-0.406615051467692,0.09634969007908185,-1.6257999852590803,middle,10.908232948612985,0.05285828656017905,-1.4736839660370176
sample_043,-0.7033723157116243,-1.534718818654516,1.1201282903019492,middle,8.202865705077395,1.00648600905415,0.4885629490180377
sample_044,-1.5072058974983915,1.4379436627386846,0.4726342439043285,middle,9.039238360359837,1.6253434258670865,0.7598367553295087
sample_045,0.5182726649095131,-0.4843964527661673,-1.4932950845504411,late,11.491859116857677,-0.6755469622660679,-1.3718771632244287
sample_046,-1.1347134734277118,0.763454708379813,0.9153877493382256,middle,8.604745269394591,1.4085493551619577,1.0255171663084137
sample_047,1.239476896690142,0.08671793308175009,1.2267861324296856,late,13.255227030733279,-0.7155238860806102,1.1467484675252715
sample_048,0.6440256153170241,-1.3769829883256914,0.10526745831897363,early,6.413105424031272,-0.4765013502532274,-0.13921478375784313
sample_049,0.8112021250007846,-1.3221965288515798,-1.3181221596232717,late,11.697269800127865,-0.8887474580674833,-1.4301914156931659
sample_050,-1.236059682133979,-1.159873086512857,0.8467936570380661,middle,8.693170558113604,1.4953312712121833,0.3877635281524026
sample_051,-1.2610272255688264,-1.1390944342930291,0.8085181319273282,middle,8.731619213517098,1.5321731254857283,0.36697982054116196
sample_052,-0.7582172199073819,-1.4935265471555816,-1.4982827796005977,middle,10.691278385040667,0.48824313080669157,-1.9470122638031284
sample_053,-1.6757419356727288,-1.5294083702669614,-0.32532091913704203,middle,9.640663819386281,1.8063482660215775,-1.1454322818615346
sample_054,-1.1588854737044652,1.5132611200305948,0.8912225798601316,middle,8.622597206212994,1.3133076853843557,1.2128024456854618
sample_055,-0.3054588073369914,-1.4024503259856043,-0.6748119687231969,early,4.725837012865223,-0.2114688786661456,-1.2454667325185373
sample_056,0.33768860512501614,0.004410538053283525,-0.5439371198051095,early,5.581941104130041,-0.7770950271387469,-0.37802031109774875
sample_057,0.3589844461747884,-1.2959498151236477,-1.5617622394444761,late,11.39827362785943,-0.4499593603377416,-1.7968290123834858
sample_058,-1.6627380152888933,-0.9408412904935247,-0.3408331583086829,middle,9.654229804603787,1.7995052319592044,-1.0145854786121566
sample_059,0.16442460116501198,0.8739027881603528,-1.6092343861269,late,11.273546774098413,-0.48487275823016285,-1.0335901896402813
sample_060,0.5274131680418619,1.4506625217649882,1.848989216088964,late,13.717465773235945,-0.20253413422820576,1.9880314346759427
sample_061,-0.03613634001656115,-0.12649074849100994,-1.6249052657476248,late,11.148700424206195,-0.2596534540614991,-1.4955080428369454
sample_062,0.0688161670892438,-1.6552080713856903,-0.6765469212278958,early,5.213115093323713,-0.4329069288558757,-1.075898902484101
sample_063,-0.02582122074740467,1.6593906756144337,1.0832364224276416,early,7.623256957813456,0.11212619728510317,1.4953108515493974
sample_064,-1.2646767568992265,-1.5279680358990542,-1.1896532155177162,middle,10.297462329139037,0.9499184193291562,-1.8101803637312055
sample_065,0.5281626302613418,-0.3971845398895921,0.6096574819293707,early,6.92834661283196,-0.28661537733459436,0.5115365843834532
sample_066,0.3681435504833413,0.10734424786350505,1.9365242620748535,late,13.807026389594377,0.07836316398434019,1.539265710471825
sample_067,0.7209747807612011,1.3017679463937308,1.7500235063407918,late,13.619258651851263,-0.37244375445862016,1.9575366176403928
sample_068,1.568347774693287,1.0738647765273222,0.25505209245222416,late,12.708378904001068,-1.4447800893118108,0.7803115910546983
sample_069,-1.5794744358176993,0.3571531237891236,0.34981425187519005,middle,9.163937770946141,1.7339549366837144,0.25947187066923155
sample_070,1.5790260036168786,-0.34957021653112874,0.13015393358483346,late,12.643120177459723,-1.244446272737564,0.29574800786612554
sample_071,0.535103204160023,1.0853643963017325,-0.2975447763565263,early,5.948077672807625,-0.8099355513776684,0.2717715275391195
sample_072,-0.01776695434418841,1.2239555470795402,1.0715060959148397,early,7.622135149433055,-0.028880634545655568,1.421897972497592
sample_073,-1.5338008061381527,1.2197055442155529,0.4455222611200155,middle,9.076027191926933,1.6569834466369477,0.6345006121465748
sample_074,0.8425771965760306,0.7182288996633365,-1.3177141744373821,late,11.704134127644686,-1.0862768605903774,-0.8149464530999806
sample_075,-1.642522443783199,-1.3462264756822646,0.172268829429348,middle,9.291183888706042,1.8914882834175721,-0.46125667556895916
sample_076,0.5616748212555743,-0.6902411776574411,-0.24459453787857321,early,6.002416008182556,-0.628662240267813,-0.25437025394030865
sample_077,-0.3854090266933996,-0.06907265095904863,1.1813637325686241,early,7.950144494261521,0.5796700875077545,1.015973534948095
sample_078,-0.16069017932432228,0.020466064208095568,1.1495412672660903,early,7.770033594210357,0.3700852063623822,1.0198171936335938
sample_079,0.046919251167366186,1.1069791805526876,1.0478806996753485,early,7.543770448799836,-0.09995599269832257,1.38369634675969
sample_080,0.6472534306723834,-0.8925789032390724,-0.02710078395622691,early,6.27220293197111,-0.5770658146465014,-0.12101648021102608
sample_081,-1.1690999607944623,0.5023967316339865,0.8983263330010853,middle,8.622746062417225,1.404166975501374,0.8998108226225682
sample_082,-1.4343284973367523,-0.4297528578021751,0.599344764553537,middle,8.93582667698184,1.684296049920481,0.3169609736851459
sample_083,1.2301336909771334,0.9188640130038094,-0.9355243307256831,late,12.015652964148549,-1.3535979338950062,-0.34630342371628553
sample_084,1.4208655374448185,-1.0106706552999878,-0.6183274545298774,late,12.218194505281735,-1.365376899098256,-0.676363345502449
sample_085,-1.7021916979141172,-0.09571888214565093,-0.30390377039981453,middle,9.635799945697777,1.7282978451133924,-0.6290134525251103
sample_086,-1.5314388335426057,-1.3410507032919727,0.4782827253755363,middle,9.053727243727014,1.7881933797217644,-0.0945183438424662
sample_087,1.245488511332861,-0.9764232204915847,-0.8887320943026951,late,12.046879380986569,-1.2967055838750612,-1.0067542598064694
sample_088,1.3976017498963684,1.4547741218929786,0.9292834741154734,late,13.074890338640508,-1.0810675148984543,1.4168168596016693
sample_089,-0.16416806969250805,-0.6382590274307323,-1.6457493621492802,late,11.073348527934769,-0.09326528127605167,-1.8060491758830295
sample_090,1.4286192083076032,1.3017698103427098,-0.5389483463786024,late,12.256726279443042,-1.4593226563859858,0.16198623689822725
sample_091,0.8096525515465836,0.060329825958914986,1.6844751464603451,late,13.563304969748087,-0.4078138046942239,1.4802017562155674
sample_092,0.02054035754902893,-1.5449219324021384,-0.7162479553189705,early,5.095560957140806,-0.4175862722498215,-1.094354011437822
sample_093,1.443099530453285,0.949517800433276,0.7241557857285842,late,12.965400553809157,-1.204517870174764,1.2526491219339229
sample_094,0.26339420768298033,-1.5003972129915668,0.9136118678398365,early,7.318934530384804,0.07914344244944752,0.41793805424245234
sample_095,-1.597219471120179,1.0763846700461575,0.2992850187993079,middle,9.196363749074782,1.6970315451645193,0.4188732310475479
sample_096,1.4110512646849724,-1.652147571723268,-0.6026957360099717,late,12.221684087278003,-1.1338923788574549,-0.6638445852866056
sample_097,0.4884866513710965,0.5790435925949338,-1.5001380029015048,late,11.472237763665309,-0.8123384585409522,-1.0611192571414625
sample_098,0.5844623703796432,-1.1107671522540468,-0.16030534940586583,early,6.099222173401485,-0.5964840302745642,-0.2849933448497269
sample_099,-0.4132593604141052,-0.5553166164382586,-1.6021192669458486,middle,10.920945053070918,0.06492717123808397,-1.631201888462772
sample_100,0.2058913662119173,1.5155744107279765,-0.6240574075143248,early,5.365074363551045,-0.7056474356846201,-0.018461971701265064
sample_101,-0.5334321257164527,-0.0479179553498199,1.1623658696806816,middle,8.077700368922978,0.7168810590551601,1.0078978088268367
sample_102,1.506345731968698,0.5128912686223494,-0.35349475864474217,late,12.373127010629679,-1.4900587354494699,0.04948070720400095
sample_103,-1.2918365451563132,0.8126901002581183,0.8027278208011949,middle,8.743412064417296,1.5145520839959332,0.9173874797135025
sample_104,-1.1797741309801821,-1.3092017904838071,-1.2648418673789437,middle,10.365883863013876,0.8847122947510208,-1.8426669447821844
sample_105,0.6480689953008545,1.1387340569961788,-1.4386156491990403,late,11.575147393675348,-0.8932568688057948,-0.7915839785256447
sample_106,1.545268771704475,1.3655988230995348,-0.19618310781771633,late,12.4522768439277,-1.5037402828196818,0.4976846515961871
sample_107,1.0719871710664008,-1.170715108804148,-1.1252816546538198,late,11.880075122006742,-1.1442386445590624,-1.3004043542886048
sample_108,-0.2422819249488073,0.1609329897792616,-0.7192326570244403,early,4.7797127638019035,-0.5722211242398324,-0.7620517772343284
sample_109,-1.212872871955298,-0.7044499996619731,0.8773385943484407,middle,8.67321632424432,1.437361201159347,0.5885843858815503
sample_110,-1.55258432111893,0.802597125327774,0.44860406504312045,middle,9.077345000984701,1.6964566426571739,0.5117621866807243
sample_111,0.11235774088032381,-1.5729410641684267,-0.683071906052056,early,5.23545947415513,-0.45840749146536824,-1.034974506409394
sample_112,-1.604434519886562,0.026821097464146043,-0.5412302470127665,middle,9.815360853987698,1.5892304745919335,-0.8687487243926935
sample_113,-1.1061401030166096,0.9518804091277431,-1.309939555990346,middle,10.440493363793092,0.5502874829181654,-1.1134640652852554
sample_114,1.5637953127215665,0.7719257274944147,-0.08429383501031519,late,12.52037639411315,-1.412577956510876,0.4393916020567818
sample_115,0.7489190397598974,-1.2983402084988858,1.6957246929906948,late,13.588732214483791,-0.17087291506904162,1.0156982891887911
sample_116,0.5450127899717705,1.0790597753698055,-0.3125892918656383,early,5.920154050509539,-0.8130806919429117,0.2647108159155174
sample_117,0.5641907870245269,-0.8907682342868734,0.5703891188022012,early,6.884146922051351,-0.27638274580652955,0.34008945591341916
sample_118,-0.39871107597846855,0.9943810462555196,-1.606808030287227,middle,10.924810513751385,-0.0783359732429164,-1.1109763768755072
sample_119,0.5617394862670098,-0.01725848978410086,-0.27326002094546514,early,5.960926910559991,-0.7598546343520562,-0.09014080811467383
sample_120,0.5736989813290827,-1.1305191957459224,0.5235402711658916,early,6.824280379355604,-0.27846223129156217,0.2358978970303254
sample_121,-1.4250744878951778,0.7566665837969316,-0.9754233257422018,middle,10.13034122636576,1.078103372378561,-1.0150028387140382
sample_122,0.6395614284281838,1.0139465293205225,0.024892061135253635,early,6.310112434079058,-0.7374885796685281,0.5070475140576596
sample_123,1.2926214871849724,0.672000063140748,-0.8476806765139503,late,12.08473447083033,-1.340537655630201,-0.25505672767189347
sample_124,1.5500050091131368,1.5420710067939787,0.4162285008137747,late,12.789193974279346,-1.4087570990390632,1.0250133769471022
sample_125,-0.049414091739599895,-0.8391106874450528,-0.7052003878437907,early,5.029760880829574,-0.5590318683451855,-0.9209088244464158
sample_126,-1.6549382811171174,-0.9081516689853598,-0.44771408418735215,middle,9.732447998936129,1.7407512819504758,-1.105236802539795
sample_127,1.421337935352562,-1.212668346435689,-0.6237299153990888,late,12.223478569824037,-1.2275894193949537,-0.6592695467589631
sample_128,0.2048772089557148,0.13237662394730873,1.9860019373606224,late,13.902863956025952,0.17647955122729916,1.5697420975070657
sample_129,0.2795198523813103,-0.35430653067071816,0.8913141153404789,early,7.297215325075086,-0.01837896239400104,0.7501937897564231
sample_130,0.6289578452557087,-0.4743257242995902,0.017057017994322538,early,6.306128955533421,-0.6158024386209753,0.04282552018937553
sample_131,1.4789138510972444,-0.13057212737513846,0.7559472960577813,late,12.975100585346581,-0.9176417378575822,0.7922223491613523
sample_132,1.2075621319382737,-0.7703074301717954,1.2648671383953538,late,13.281231827155942,-0.6139788909383558,0.9480478039311364
sample_133,0.6428718875174463,-1.6711697100403726,0.2704276004492199,early,6.574092603561843,-0.37561763208707677,-0.05027756474434035
sample_134,-1.410337002356491,-0.09347508926311046,0.6897404715197248,middle,8.873708768432703,1.598742666543232,0.5204939391413321
sample_135,0.5250089870884816,-0.7555280619768125,-1.487181399797814,late,11.490992218083582,-0.665895425021428,-1.560361062428922
sample_136,1.5902288830219669,-0.17332691530606512,0.214931260245659,late,12.67957940194648,-1.3077519097760573,0.3591620576717917
sample_137,0.6226605274592526,1.4021263346678607,0.0040029220099810185,early,6.2983463697516315,-0.7942754130259106,0.6162324139567414
sample_138,-0.3025245147420327,-1.0695140432609136,-1.6318752738574525,middle,10.979573806565153,0.08129321530157553,-1.9663294857734304
sample_139,1.476346621241452,0.43891072703341194,-0.4457174974988697,late,12.326058813086295,-1.4741453526611665,-0.03129500389800377
sample_140,-1.5917726753122992,0.444320874095764,-0.6604214570307656,middle,9.893322510831101,1.4319314414198014,-0.8448890945215267
sample_141,0.6456377457126231,-0.747215875378295,0.002462980654387042,early,6.2648069158167,-0.5753960724702398,-0.04739560551474094
sample_142,-0.05342227208363395,-0.10089263936786544,-0.6949750930084426,early,5.047240077122375,-0.6405686550392531,-0.7321246795843455
sample_143,0.22977506752126073,1.5857865455055808,0.9701138606930128,early,7.365782702054434,-0.14271636627860632,1.421892665952812
sample_144,1.495697366813173,-0.5398581337381324,-0.4245953183580151,late,12.326392329188225,-1.4152918160880434,-0.33130248085555314
sample_145,0.029292889145409142,0.6831122427564014,-0.7183685582565289,early,5.1343010489840095,-0.7228136845076009,-0.44032027134783763
sample_146,-0.23806598741462495,1.154046059616505,-0.715189002608487,early,4.789827715993749,-0.4110891266918046,-0.4049312176045545
sample_147,-0.6181361375142868,-0.4721989584410041,1.1422723681593887,middle,8.120545591988591,0.837032557338342,0.9073114611846564
sample_148,0.14389776654658867,1.6235819956268012,-0.6405138089626751,early,5.312014896450174,-0.681695538111797,-0.026510411341474402
sample_149,0.5853260804172709,0.39757477709302397,-0.13396760544430267,early,6.121264197391783,-0.7556197416926203,0.15430352019959245
sample_150,-0.10606636639396944,-0.018529725735601396,-0.7262870728556908,early,4.930953050549688,-0.6121524012200062,-0.7558090725114913
sample_151,-1.6685044384529992,0.7273949172743521,-0.33680175057672346,middle,9.657756933540197,1.590575953028047,-0.4219841054483254
sample_152,0.1690414829183097,-0.26684360411997904,-1.5994342842688198,late,11.278593164697808,-0.40969957247158334,-1.5225173014826925
sample_153,-1.2915840068263686,0.6931252914645896,0.8039282449010273,middle,8.73727332941005,1.5094543355256556,0.8699554984194177
sample_154,0.545559067027487,-0.7675290638692751,-0.27857435990824037,early,5.980685673189769,-0.6231274751248197,-0.30670630205957056
sample_155,-0.26476744483828357,1.437457924862827,1.139421094787693,early,7.83535711940518,0.29181936128198854,1.478150099225596
sample_156,-1.2940810944664771,0.12357885931407768,-1.1383155178624564,middle,10.276267577282608,1.0054503950587936,-1.4137667130631881
sample_157,0.7978942807648204,-0.8637578861987182,1.6788986030391797,late,13.577913749413582,-0.25016298118250857,1.1466110835979204
sample_158,-0.14596703055834515,-0.21537949869376066,2.075251822197649,late,14.067025096834513,0.5284832536322351,1.5443542488583226
sample_159,0.49126669544290136,1.3133271120764047,0.6619105338073558,early,6.989442824521495,-0.4284123344305423,1.1357300880544847
sample_160,-0.2081515107863293,1.0051310211427535,-0.7058262402930211,early,4.812102254124202,-0.45999773925706416,-0.4297908711638319
sample_161,1.5803086129489767,-0.052532990414147,-0.0370276725253969,late,12.540989618137392,-1.3432968821096771,0.2568803511471775
sample_162,0.9957016513535095,-0.48379201203561467,1.511526043032602,late,13.445510174443688,-0.40789347812521465,1.2448515404412779
sample_163,-1.5180470172430085,-0.42295456246859925,0.48897506599365864,middle,9.034624949233994,1.7552401631113457,0.17936451387794675
sample_164,1.1930141183357867,1.5860899881356054,-0.9769703305526227,late,11.983061787432739,-1.3122759724914508,-0.13999590440401402
sample_165,1.5247064558471815,-1.3203996036011305,0.5585480483300241,late,12.876122546462986,-0.9025211181638478,0.2734186349440919
sample_166,-1.0645096948972768,1.2924313639390395,-1.3420332781076376,middle,10.457873096287113,0.49933838364708183,-1.0259792448771277
sample_167,1.4959789131174608,1.1816422864391238,0.6810965164963073,late,12.936706424050287,-1.27076006037849,1.2122371153292582
sample_168,-0.1310427684614328,-0.9307157769534086,-0.7164905670148238,early,4.937669694366624,-0.5309030243187377,-0.9928546015453555
sample_169,0.2911984285615254,-0.5119286611514902,0.8733007405477378,early,7.272113626537332,-0.026154927785031,0.7027345106675749
sample_170,0.2638332374158527,0.20445934551345174,0.9201980085946763,early,7.325121993655568,-0.07540218181381331,0.9248014520516595
sample_171,0.48504860472598993,1.010662113914791,-0.3641939098631161,early,5.849322832038661,-0.794277782928792,0.19759603055051525
sample_172,1.193146435255075,1.49808863533549,1.314546906902384,late,13.295661072936628,-0.7962164310990993,1.7018372527202987
sample_173,-0.07358228790981054,1.6322816495480161,-0.7388187791081411,early,4.999272309996837,-0.5433876111022656,-0.1648734977968037
sample_174,-0.20404951150407385,-0.7366237962234855,-1.6207455123004613,late,11.051127348697062,-0.06162866221325498,-1.827515369327934
sample_175,0.20762126114692575,-1.0245459288281604,-0.6194222061302923,early,5.384749692574597,-0.5983427829429563,-0.7903872137156452
sample_176,-0.5937622809770721,-0.04935753404728319,1.1359269578026232,middle,8.112665026887136,0.7769482868926252,1.0001210952539321
sample_177,-1.196603298915731,0.17235702937491082,0.8647532543764983,middle,8.65288433561997,1.412177208670745,0.7667505458606858
sample_178,0.6651126193347251,0.5290657410686248,0.12777945374139257,early,6.422084125881599,-0.6910892040998688,0.4005751903154465
sample_179,-1.6881538167102526,-1.3249172654002606,-0.29257423955858697,middle,9.622831218248566,1.8347522414453705,-1.0792848531498584
sample_180,-1.6628389854338144,0.47044446528128325,-0.472738902261461,middle,9.754567537971308,1.555534797335425,-0.6368957797042722
sample_181,-0.10496609256290726,1.378177588932634,1.1244824035517185,early,7.700457171453721,0.11624869884736751,1.4660024830947653
sample_182,0.7729417185720555,1.377518417949169,-1.367601044967589,late,11.659280279199386,-1.008868175915035,-0.6847638905324889
sample_183,0.633886270929989,1.4595032080523744,-0.06229035372513171,early,6.222261129250365,-0.8052222080335577,0.5780480722987713
sample_184,0.6553646501907266,1.394651271846688,0.22947598723157644,early,6.526736199704501,-0.7573381874382814,0.7660074579472205
sample_185,-0.5194843941197875,1.5353259460211224,1.1666775758860808,middle,8.053576610110833,0.6156421882001916,1.4707557947524947
sample_186,-0.7748144223908093,-1.51565967531001,1.1253013620388803,middle,8.278500023630265,1.0733563404383517,0.492329833280269
sample_187,0.6195598940209925,1.393074515167972,0.36991792937810336,early,6.656587374350491,-0.6822138390838572,0.8748806845027323
sample_188,1.083213768815552,-0.7691473471566861,1.415945290559358,late,13.371019249365492,-0.4476578530187588,1.03585640252424
sample_189,1.548257247283467,-0.61303058191555,-0.10223968271998836,late,12.516987004105607,-1.296940865629235,-0.012280641038791593
sample_190,0.4161939101719265,-0.15144031536943425,-0.4311389493665065,early,5.719678564173469,-0.7544006073800966,-0.31140451329497076
sample_191,-0.6781652667875556,1.5047988735487912,1.1386582885007692,middle,8.194711695115371,0.7813903302496151,1.4155235144965383
sample_192,0.5504861883388708,0.3500938736910757,0.5903421275450803,early,6.90526239460498,-0.3989413982735597,0.7124264018069398
sample_193,-1.4868872971913434,-0.5006713408459496,0.5670999365213076,middle,8.963704656047604,1.7046755564735159,0.26170065825434535
sample_194,0.255808733225489,-0.43449633708290286,0.9281084057094505,early,7.316617107165984,0.0200826086276861,0.7550142336949947
sample_195,-1.6685468695127272,1.3538631505315417,-0.04115286907845673,middle,9.441807508359807,1.6565982230252065,0.10989686755364085
sample_196,1.0457002649309166,1.068580249283809,1.4609968810770217,late,13.407718844050155,-0.7368876376140494,1.7686291407664623
sample_197,-0.8375243508158331,-1.2253274686977758,1.0736064979054782,middle,8.31747153231938,1.1059901515882806,0.5784850583231654
sample_198,-0.5321695288086064,-0.8675049744339159,-1.594160052273835,middle,10.839704123715661,0.23611265279371396,-1.831600022860005
sample_199,-1.2423771076858618,-0.43109187722217845,-1.2020074463814103,middle,10.32598571934804,1.0206010185688779,-1.6925293574757538
sample_200,0.9978848771743665,-0.9518848199575108,-1.233933405991632,late,11.79938433095982,-1.0751704153577053,-1.2833165118999386
sample_201,0.1511186703412341,0.2035871132458709,-0.6715394671130627,early,5.293571025113235,-0.7635891130712209,-0.5075978062555977
sample_202,0.8884459612331755,-0.937413056615214,-1.2913189244653225,late,11.732186724760293,-0.9859432765877242,-1.3183096918834352
sample_203,0.6985853089505557,0.23054169447378212,1.7354624464522828,late,13.630829483605996,-0.31836817078364676,1.4871945447182056
sample_204,-1.1291866001770046,1.444069245644178,-1.2939172425577898,middle,10.400803741216157,0.5353857432915043,-0.9559082984603638
sample_205,0.1815808073590155,1.1582168661018122,0.9767402071258933,early,7.422766080835659,-0.18872884566847595,1.3377653222783343
sample_206,-0.198864028935488,-1.3488396271381078,-1.6525497446786206,late,11.049319571736762,-0.0015445171357423484,-1.9262426239173236
sample_207,0.42397864699287674,-0.9896112899849532,-1.5345195983324562,late,11.423290693034556,-0.5481978881221072,-1.7100658381756064
sample_208,-0.4356096442170914,-0.30635716213340114,-1.6204645665655835,middle,10.899287173294452,0.06272167779779851,-1.5314354283164948
sample_209,0.6150362643695485,0.48322155434313235,-0.16562263426508042,early,6.097174581502086,-0.7686619661378893,0.15703615833164083
sample_210,0.21478213685135672,-0.38486108257556034,1.9876088561085357,late,13.887180061560413,0.23612571100003077,1.4616156920096746
sample_211,0.5355984954549732,-0.8480514677264603,1.8249132502609884,late,13.716665881189883,0.010027980055771005,1.3482692306070339
sample_212,-1.2470195803993833,-0.5181013331437649,0.8305519174056207,middle,8.714390343457005,1.4582257788915272,0.5786254307170029
sample_213,-1.2310320312358447,-0.9873580792129915,-1.1883488594558562,middle,10.30728899928742,1.0196060106960037,-1.9001246942151224
sample_214,-0.007416696452407456,1.209670021848003,-0.7202476335354883,early,5.0858794899821165,-0.5826097585988117,-0.26472383738444216
sample_215,-0.06987295100595814,0.647965373036718,2.04570484960864,late,14.03004806802395,0.3173414089655176,1.8994740012491707
sample_216,1.5286498129837607,-0.30861542618051047,-0.26245432809015623,late,12.428878742351044,-1.3600274663064027,-0.015108326257456114
sample_217,-0.7304092143517817,0.6454994136582678,-1.5167249102093494,middle,10.711282229293904,0.2078896218946156,-1.2410895605530838
sample_218,1.0994760549421279,0.06643323893289953,-1.1000552483575619,late,11.885443704003036,-1.2224587964179487,-0.7164237494159168
sample_219,0.6635711746051827,0.05147882520888614,0.1700713108991355,early,6.484529307254888,-0.6369465802380454,0.3236825675017187
sample_220,0.0011448187936827104,-0.45695621211034626,1.0771601892825358,early,7.611965180621334,0.2581066493074055,0.8613393300716787
sample_221,0.47795373309518374,-0.05271331624263874,0.706398107000507,early,7.034594368722402,-0.2615233961687549,0.6806583830635861
sample_222,-1.2278215262840482,1.6231106136594013,-1.1931604552658799,middle,10.330019591276189,0.6196861583910971,-0.8529403923020622
sample_223,0.35716597450519805,0.9408472595320236,-0.5701194836810886,early,5.578571805545579,-0.7782915095178904,-0.05046824727260273
sample_224,1.3493798519001161,1.0729605364465462,1.0814020037070053,late,13.153314230483463,-1.0020869532269492,1.5285217591601816
sample_225,-1.5269925940417897,-1.2815195923389997,0.455454787793024,middle,9.069237091572273,1.7919116040469658,-0.09283353792528069
sample_226,-1.4200482883857535,-0.0040515511019910385,0.6626152354781535,middle,8.904646754284425,1.6462631605173714,0.5111847387601862
sample_227,0.4303975122395042,-0.4521448999187195,-0.4768220263472193,early,5.699269766545229,-0.7256436938185282,-0.43428961368023267
sample_228,-0.005490351347291588,-1.3810960464909858,-1.6413122188480986,late,11.167457454110824,-0.1413552814926822,-1.8744883691831855
sample_229,1.5318668228194756,-0.3612598378242881,-0.2903391543615919,late,12.411433494548263,-1.3784862463013867,-0.07386221208145186
sample_230,-0.8277633367467143,-1.4396532648525984,-1.4699595901610722,middle,10.64575956158146,0.5420484798135206,-1.9353115132249683
sample_231,0.4868494007617096,-0.8998996268489821,0.6647249910104254,early,6.993398317220588,-0.20093274890107488,0.40962625608237785
sample_232,1.3289972505877576,1.0012918811214016,-0.8159822809606547,late,12.114804887115385,-1.4292864530853666,-0.2026414392602045
sample_233,0.6000269717874452,0.5987825399258513,-0.17667356288131958,early,6.085385293474249,-0.76626752410909,0.18859088602678148
sample_234,1.5785796643617487,0.6543793984876425,-0.13255583729705323,late,12.509284693217797,-1.423898437424601,0.35427390006405135
sample_235,-1.3717282184885267,-1.393093412712505,-1.0557072015716091,middle,10.185408159028004,1.1683817496254478,-1.8028871566461468
sample_236,0.1588595405412701,-1.1240484228259757,0.9826966874050979,early,7.439663477395006,0.15343777288008803,0.5880519102927473
sample_237,-1.6905423214091633,-1.6124049386274615,-0.20534741632754655,middle,9.549594063742308,1.8613484954778927,-0.9992782477007044
sample_238,-0.8507425918774563,-1.3446451673433386,-1.4939979619252524,middle,10.639173824587276,0.5599651965063224,-1.9487917111973019
sample_239,0.37831751114777085,-1.3502503454485573,0.7837447128494351,early,7.149537587607062,-0.04269031895254081,0.36206017439823485
